<?xml version='1.0' encoding='utf-8' standalone='yes' ?>
<map>
    <int name="FileBrowser.SAF.WarningCounter" value="2" />
    <int name="dialogs.fileinfo.tabs" value="0" />
    <set name="MLSearchPaths">
        <string>+local://primary</string>
        <string>+local://F480-1DEE</string>
    </set>
    <string name="ReplayGainPreampForPredefinedValues">0.0</string>
    <string name="FileBrowser.Favorites">local://F480-1DEE/Music</string>
    <int name="AppSkinAutoAccentCache" value="-5855623" />
    <string name="OutputMethod">2</string>
    <string name="AppSkinLayout">carpc</string>
    <long name="SleepTimercom.aimp.player.service.helpers.SleepTimer$EventOnChosenTime" value="0" />
    <boolean name="AutoSortPlaylistList" value="true" />
    <int name="BufferSizeForInternetRadio" value="1" />
    <string name="ActionOnStartup">pause_playback</string>
    <boolean name="AlbumCoverFindInInternet" value="true" />
    <string name="FileList:LastFolderForFolders">local://primary/Download</string>
    <int name="TimeDisplayFormat" value="2" />
    <string name="TrackerMusicPlaybackMode">2</string>
    <boolean name="ImportEntireFolder" value="true" />
    <int name="DSPManager:EqStyle" value="1" />
    <int name="AppSkinAutoAccentCacheFG" value="-6776696" />
    <int name="dialogs.dsp.tabs" value="1" />
    <string name="TrackerMusicSurroundMode">2</string>
    <int name="id/custom:main.player.trackinfobox" value="1" />
    <string name="ActionOnTripleHeadsetClick">com.aimp.service.action.prevTrack</string>
    <int name="AppSkinAutoAccentCacheBG" value="-15724528" />
    <string name="SleepTimerEventClass">com.aimp.player.service.helpers.SleepTimer$EventOnChosenTime</string>
    <string name="ReplayGainDefaultValue">0.0</string>
    <float name="Balance" value="0.0" />
    <int name="FileBrowser.SortMode" value="1" />
    <boolean name="PlayOnWiredHeadsetConnection" value="true" />
    <boolean name="PeakNormalization" value="true" />
    <string name="FileList:LastFolderForPlaylists">local://F480-1DEE/Music/AIMP Player</string>
    <boolean name="AutoBookmarksForFiles" value="false" />
    <int name="AppSkinAccent" value="-65536" />
    <boolean name="PlayOnWirelessHeadsetConnection" value="true" />
    <string name="FileList:LastFolderForMUSIC">local://F480-1DEE/Movies</string>
    <boolean name="STATE_OF_android.permission.READ_MEDIA_IMAGES" value="true" />
    <string name="PeakNormalizationTargetValue">0.0</string>
    <string name="ResamplingQuality">4</string>
    <string name="FileList:LastFolderFor"></string>
    <boolean name="STATE_OF_android.permission.POST_NOTIFICATIONS" value="true" />
    <boolean name="TreatBluetoothCommandsAsHeadsetCommands" value="true" />
    <int name="AlbumCoverFindInInternetLimit" value="10240" />
    <boolean name="ReplayGain" value="true" />
    <boolean name="welcome.finished" value="true" />
    <boolean name="STATE_OF_android.permission.READ_MEDIA_AUDIO" value="true" />
    <boolean name="ProxyAllowed" value="true" />
    <boolean name="AllowCrossFading" value="false" />
    <string name="OutputFreq">192000</string>
    <int name="Playback:State" value="2" />
    <string name="ReplayGainPreampForCalculatedValues">0.0</string>
    <string name="CarPCMode">2</string>
    <int name="UIScaleFactor" value="80" />
    <string name="PlayerEqualizerQuality">3</string>
    <string name="AppSkin">user:SNDBOX.acsm</string>
    <int name="ChangeLogVersion" value="1478" />
</map>
