<?xml version='1.0' encoding='utf-8' standalone='yes' ?>
<map>
    <int name="FileBrowser.SAF.WarningCounter" value="2" />
    <int name="dialogs.fileinfo.tabs" value="0" />
    <boolean name="MLScanOnMediaStoreChange" value="true" />
    <set name="MLSearchPaths">
        <string>+local://primary</string>
        <string>+local://5FA9-1EF7</string>
    </set>
    <string name="ReplayGainPreampForPredefinedValues">0.0</string>
    <string name="FileBrowser.Favorites">local://F480-1DEE/Music</string>
    <int name="AppSkinAutoAccentCache" value="-4157312" />
    <string name="OutputMethod">1</string>
    <string name="AppSkinLayout">carpc</string>
    <long name="SleepTimercom.aimp.player.service.helpers.SleepTimer$EventOnChosenTime" value="0" />
    <string name="TrackerMusicRampingMode">0</string>
    <int name="BufferSizeForInternetRadio" value="1" />
    <boolean name="AutoSortPlaylistList" value="true" />
    <string name="ActionOnStartup">pause_playback</string>
    <boolean name="AlbumCoverFindInInternet" value="true" />
    <string name="FileList:LastFolderForFolders"></string>
    <int name="TimeDisplayFormat" value="2" />
    <boolean name="ImportEntireFolder" value="true" />
    <int name="DSPManager:EqStyle" value="0" />
    <int name="MLViewFolders.sort" value="5" />
    <int name="AppSkinAutoAccentCacheFG" value="-2576232" />
    <boolean name="UseVolumeFadingOnResume" value="false" />
    <string name="TrackerMusicInterpolationMode">0</string>
    <boolean name="KeepScreenOn" value="true" />
    <int name="dialogs.dsp.tabs" value="0" />
    <int name="Tempo" value="100" />
    <int name="id/custom:main.player.trackinfobox" value="1" />
    <string name="ActionOnTripleHeadsetClick">com.aimp.service.action.prevTrack</string>
    <int name="AppSkinAutoAccentCacheBG" value="-15198184" />
    <string name="SleepTimerEventClass">com.aimp.player.service.helpers.SleepTimer$EventOnChosenTime</string>
    <string name="ReplayGainDefaultValue">0.0</string>
    <boolean name="OutputForce16Bit" value="true" />
    <float name="Balance" value="0.0" />
    <int name="FileBrowser.SortMode" value="1" />
    <boolean name="PlayOnWiredHeadsetConnection" value="true" />
    <string name="FileList:LastFolderForPlaylists"></string>
    <boolean name="AutoBookmarksForFiles" value="false" />
    <int name="AppSkinAccent" value="-65536" />
    <boolean name="PlayOnWirelessHeadsetConnection" value="true" />
    <string name="FileList:LastFolderForMUSIC">local://6194-12FB/Music</string>
    <boolean name="STATE_OF_android.permission.READ_MEDIA_IMAGES" value="true" />
    <boolean name="UseVolumeFadingOnTrackEdges" value="false" />
    <string name="PeakNormalizationTargetValue">0.0</string>
    <string name="ResamplingQuality">4</string>
    <string name="FileList:LastFolderFor"></string>
    <boolean name="RequireFocusToPlay" value="false" />
    <boolean name="STATE_OF_android.permission.POST_NOTIFICATIONS" value="true" />
    <boolean name="TreatBluetoothCommandsAsHeadsetCommands" value="true" />
    <int name="AlbumCoverFindInInternetLimit" value="10240" />
    <boolean name="welcome.finished" value="true" />
    <boolean name="STATE_OF_android.permission.READ_MEDIA_AUDIO" value="true" />
    <boolean name="ProxyAllowed" value="true" />
    <boolean name="AllowCrossFading" value="false" />
    <string name="OutputFreq">44100</string>
    <int name="Playback:State" value="1" />
    <string name="ReplayGainPreampForCalculatedValues">0.0</string>
    <string name="CarPCMode">2</string>
    <int name="UIScaleFactor" value="80" />
    <string name="PlayerEqualizerQuality">3</string>
    <string name="AppSkin">user:SNDBOX.acsm</string>
    <int name="ChangeLogVersion" value="1519" />
</map>
